{"cameraMode":{"drawMode":0,"name":"Shaded","section":"Shading Mode"},"sceneLighting":false,"audioPlay":false,"sceneViewState":{"showFog":true,"showMaterialUpdate":false,"showSkybox":false,"showFlares":true,"showImageEffects":true,"showParticleSystems":true},"in2DMode":false,"pivot":{"x":413.4339904785156,"y":22.3700008392334,"z":487.3500061035156},"rotation":{"x":-0.032470736652612689,"y":-0.9674234390258789,"z":0.18985404074192048,"w":-0.16481530666351319},"size":2.8578836917877199,"orthographic":false}