{"cameraMode":{"drawMode":0,"name":"Shaded","section":"Shading Mode"},"sceneLighting":true,"audioPlay":false,"sceneViewState":{"showFog":true,"showMaterialUpdate":false,"showSkybox":true,"showFlares":true,"showImageEffects":true,"showParticleSystems":true},"in2DMode":false,"pivot":{"x":417.9427795410156,"y":22.119400024414064,"z":486.0465087890625},"rotation":{"x":-0.032470736652612689,"y":-0.9674234390258789,"z":0.18985404074192048,"w":-0.16481530666351319},"size":1.5190235376358033,"orthographic":false}